{
  "tr": {
    "settings": "Ayarlar",
    "dark_mode": "Karanlık Mod",
    "auto_fix": "Otomatik Düzelt",
    "select_language": "Dil Seçimi:",
    "api_label": "Anahtar:",
    "save_button": "Kaydet",
    "check_title": "Yazını kontrol et:",
    "check_button": "Kontrol Et",
    "editable_placeholder": "Buraya metnini gir...",
    "language": "Türkçe",
    "team": "Ekibimiz",
    "error_invalid_key": "API key'iniz geçersiz veya süresi dolmuş olabilir.",
    "error_empty_text": "Lütfen metin girin.",
    "back_home": "Ana Sayfaya Dön",
    "thank_you": "Tüm süreç boyunca yanımızda olan danışman hocamız Rahim Dehkharghani'ye ve emeği geçen tüm hocalarımıza teşekkür ederiz."
  },
  "en": {
    "settings": "Settings",
    "dark_mode": "Dark Mode",
    "auto_fix": "Auto Fix",
    "select_language": "Language Selection:",
    "api_label": "Key:",
    "save_button": "Save",
    "check_title": "Check your text:",
    "check_button": "Check",
    "editable_placeholder": "Type your text here...",
    "language": "English",
    "team": "Our Team",
    "error_invalid_key": "Your API key may be invalid or expired.",
    "error_empty_text": "Please enter some text.",
    "back_home": "Back to Home",
    "thank_you": "We thank our advisor Rahim Dehkharghani and all professors who contributed throughout the process."
  },
  "es": {
    "settings": "Configuración",
    "dark_mode": "Modo Oscuro",
    "auto_fix": "Corrección Automática",
    "select_language": "Seleccionar idioma:",
    "api_label": "Clave:",
    "save_button": "Guardar",
    "check_title": "Revisa tu texto",
    "check_button": "Revisar",
    "editable_placeholder": "Escribe tu texto aquí...",
    "language": "Español",
    "team": "Nuestro Equipo",
    "error_invalid_key": "Tu clave de API puede ser inválida o haber expirado.",
    "error_empty_text": "Por favor, introduce texto.",
    "back_home": "Volver al inicio",
    "thank_you": "Agradecemos a nuestro asesor Rahim Dehkharghani y a todos los profesores que contribuyeron durante todo el proceso."
  },
  "fr": {
    "settings": "Paramètres",
    "dark_mode": "Mode Sombre",
    "auto_fix": "Correction Automatique",
    "select_language": "Choix de la langue :",
    "api_label": "Clé :",
    "save_button": "Enregistrer",
    "check_title": "Vérifie ton texte",
    "check_button": "Vérifier",
    "editable_placeholder": "Tape ton texte ici...",
    "language": "Français",
    "team": "Notre Équipe",
    "error_invalid_key": "Votre clé API peut être invalide ou expirée.",
    "error_empty_text": "Veuillez entrer du texte.",
    "back_home": "Retour à l'accueil",
    "thank_you": "Nous remercions notre conseiller Rahim Dehkharghani et tous les professeurs qui ont contribué tout au long du processus."
  },
  "zh": {
    "settings": "设置",
    "dark_mode": "深色模式",
    "auto_fix": "自动修正",
    "select_language": "选择语言：",
    "api_label": "密钥：",
    "save_button": "保存",
    "check_title": "检查你的文本",
    "check_button": "检查",
    "editable_placeholder": "在此输入文本...",
    "language": "中文",
    "team": "我们的团队",
    "error_invalid_key": "您的 API 密钥可能无效或已过期。",
    "error_empty_text": "请输入一些文字。",
    "back_home": "返回首页",
    "thank_you": "感谢我们的导师 Rahim Dehkharghani 以及在整个过程中付出努力的所有老师。"
  },
  "ar": {
    "settings": "الإعدادات",
    "dark_mode": "الوضع الداكن",
    "auto_fix": "تصحيح تلقائي",
    "select_language": "اختيار اللغة:",
    "api_label": "المفتاح:",
    "save_button": "حفظ",
    "check_title": "تحقق من نصك",
    "check_button": "تحقق",
    "editable_placeholder": "اكتب نصك هنا...",
    "language": "العربية",
    "team": "فريقنا",
    "error_invalid_key": "قد تكون مفتاح API غير صالح أو منتهي الصلاحية.",
    "error_empty_text": "يرجى إدخال نص.",
    "back_home": "العودة إلى الصفحة الرئيسية",
    "thank_you": "نود أن نشكر مشرفنا Rahim Dehkharghani وجميع الأساتذة الذين ساهموا طوال العملية."
  },
  "hi": {
    "settings": "सेटिंग्स",
    "dark_mode": "डार्क मोड",
    "auto_fix": "ऑटो सुधार",
    "select_language": "भाषा चुनें:",
    "api_label": "कुंजी:",
    "save_button": "सेव करें",
    "check_title": "अपना पाठ जांचें",
    "check_button": "जांचें",
    "editable_placeholder": "यहां अपना पाठ लिखें...",
    "language": "हिन्दी",
    "team": "हमारी टीम",
    "error_invalid_key": "आपकी API कुंजी अमान्य या समाप्त हो सकती है।",
    "error_empty_text": "कृपया कुछ पाठ दर्ज करें।",
    "back_home": "मुखपृष्ठ पर लौटें",
    "thank_you": "हम अपने सलाहकार Rahim Dehkharghani और उन सभी शिक्षकों का धन्यवाद करते हैं जिन्होंने इस पूरी प्रक्रिया में योगदान दिया।"
  },
  "fa": {
    "settings": "تنظیمات",
    "dark_mode": "حالت تاریک",
    "auto_fix": "اصلاح خودکار",
    "select_language": "انتخاب زبان:",
    "api_label": "کلید:",
    "save_button": "ذخیره",
    "check_title": "متن خود را بررسی کنید",
    "check_button": "بررسی",
    "editable_placeholder": "متن خود را اینجا بنویسید...",
    "language": "فارسی",
    "team": "تیم ما",
    "error_invalid_key": "کلید API شما ممکن است نامعتبر یا منقضی شده باشد.",
    "error_empty_text": "لطفاً متنی وارد کنید.",
    "back_home": "بازگشت به صفحه اصلی",
    "thank_you": "از استاد راهنمای خود، Rahim Dehkharghani، و همه استادانی که در این فرآیند کمک کردند تشکر می‌کنیم."
  },
  "it": {
    "settings": "Impostazioni",
    "dark_mode": "Modalità Scura",
    "auto_fix": "Correzione Automatica",
    "select_language": "Seleziona la lingua:",
    "api_label": "Chiave:",
    "save_button": "Salva",
    "check_title": "Controlla il tuo testo",
    "check_button": "Controlla",
    "editable_placeholder": "Scrivi il tuo testo qui...",
    "language": "Italiano",
    "team": "Il Nostro Team",
    "error_invalid_key": "La tua chiave API potrebbe essere non valida o scaduta.",
    "error_empty_text": "Per favore inserisci del testo.",
    "back_home": "Torna alla Home",
    "thank_you": "Ringraziamo il nostro docente supervisore Rahim Dehkharghani e tutti i professori che hanno contribuito durante tutto il processo."
  }
}
